[
  {
    "date": "25-Aug-20",
    "agree": 0.57
  },
  {
    "date": "01-Sep-20",
    "agree": 0.65
  },
  {
    "date": "14-Sep-20",
    "agree": 0.75
  },
  {
    "date": "01-Oct-20",
    "agree": 0.79
  },
  {
    "date": "14-Oct-20",
    "agree": 0.79
  },
  {
    "date": "01-Nov-20",
    "agree": 0.75
  },
  {
    "date": "14-Nov-20",
    "agree": 0.75
  },
  {
    "date": "01-Dec-20",
    "agree": 0.62
  },
  {
    "date": "14-Dec-20",
    "agree": 0.65
  },
  {
    "date": "01-Jan-21",
    "agree": 0.70
  },
  {
    "date": "14-Jan-21",
    "agree": 0.75
  },
  {
    "date": "01-Feb-21",
    "agree": 0.78
  },
  {
    "date": "14-Feb-21",
    "agree": 0.78
  },
  {
    "date": "01-Mar-21",
    "agree": 0.76
  },
  {
    "date": "14-Mar-21",
    "agree": 0.74
  },
  {
    "date": "31-Mar-21",
    "agree": 0.50
  }
]

  

    