[
    {
      "date": "01-Mar-20",
      "no": 0.35,
      "yes": 0.6
    },
    
    {
      "date": "14-Mar-20",
      "no": 0.25,
      "yes": 0.70
    },

    {
      "date": "01-Apr-20",
      "no": 0.15,
      "yes": 0.85
    },
    {
      "date": "14-Apr-20",
      "no": 0.10,
      "yes": 0.90
    },
    {
      "date": "01-May-20",
      "no": 0.15,
      "yes": 0.85
    },
    {
      "date": "14-May-20",
      "no": 0.15,
      "yes": 0.80
    },
    {
      "date": "01-Jun-20",
      "no": 0.17,
      "yes": 0.83
    },
    {
      "date": "14-Jun-20",
      "no": 0.18,
      "yes": 0.82
    },
    {
      "date": "01-Jul-20",
      "no": 0.19,
      "yes": 0.79
    },
    {
      "date": "14-Jul-20",
      "no": 0.20,
      "yes": 0.77
    },
    {
      "date": "01-Aug-20",
      "no": 0.19,
      "yes": 0.75
    },
    {
      "date": "14-Aug-20",
      "no": 0.20,
      "yes": 0.74
    },
    {
      "date": "01-Sep-20",
      "no": 0.22,
      "yes": 0.70
    },
    {
      "date": "14-Sep-20",
      "no": 0.24,
      "yes": 0.69
    },
    {
      "date": "01-Oct-20",
      "no": 0.26,
      "yes": 0.68
    },
    {
      "date": "14-Oct-20",
      "no": 0.24,
      "yes": 0.66
    },
    {
      "date": "01-Nov-20",
      "no": 0.26,
      "yes": 0.68
    },
    {
      "date": "14-Nov-20",
      "no": 0.24,
      "yes": 0.66
    },
    {
      "date": "01-Dec-20",
      "no": 0.30,
      "yes": 0.65
    },
    {
      "date": "14-Dec-20",
      "no": 0.34,
      "yes": 0.62
    },
    {
      "date": "01-Jan-21",
      "no": 0.40,
      "yes": 0.60
    },
    {
      "date": "14-Jan-21",
      "no": 0.34,
      "yes": 0.65
    },
    {
      "date": "01-Feb-21",
      "no": 0.24,
      "yes": 0.70
    },
    {
      "date": "14-Feb-21",
      "no": 0.22,
      "yes": 0.72
    },
    {
      "date": "01-Mar-21",
      "no": 0.20,
      "yes": 0.78
    },
    {
      "date": "14-Mar-21",
      "no": 0.17,
      "yes": 0.79
    }
]

    