[
  {
    "date": "01-Mar-20",
    "personally": 0.09,
    "country": 0.19
  },
  
  {
    "date": "14-Mar-20",
    "personally": 0.1,
    "country": 0.2
  },

  {
    "date": "01-Apr-20",
    "personally": 0.12,
    "country": 0.25
  },
  {
    "date": "14-Apr-20",
    "personally": 0.13,
    "country": 0.30
  },
  {
    "date": "01-May-20",
    "personally": 0.25,
    "country": 0.40
  },
  {
    "date": "14-May-20",
    "personally": 0.26,
    "country": 0.45
  },
  {
    "date": "01-Jun-20",
    "personally": 0.30,
    "country": 0.60
  },
  {
    "date": "14-Jun-20",
    "personally": 0.18,
    "country": 0.65
  },
  {
    "date": "01-Jul-20",
    "personally": 0.19,
    "country": 0.68
  },
  {
    "date": "14-Jul-20",
    "personally": 0.20,
    "country": 0.60
  },
  {
    "date": "01-Aug-20",
    "personally": 0.19,
    "country": 0.58
  },
  {
    "date": "14-Aug-20",
    "personally": 0.20,
    "country": 0.56
  },
  {
    "date": "01-Sep-20",
    "personally": 0.22,
    "country": 0.52
  },
  {
    "date": "14-Sep-20",
    "personally": 0.24,
    "country": 0.54
  },
  {
    "date": "01-Oct-20",
    "personally": 0.26,
    "country": 0.52
  },
  {
    "date": "14-Oct-20",
    "personally": 0.24,
    "country": 0.56
  },
  {
    "date": "01-Nov-20",
    "personally": 0.26,
    "country": 0.64
  },
  {
    "date": "14-Nov-20",
    "personally": 0.24,
    "country": 0.62
  },
  {
    "date": "01-Dec-20",
    "personally": 0.30,
    "country": 0.60
  },
  {
    "date": "14-Dec-20",
    "personally": 0.34,
    "country": 0.50
  },
  {
    "date": "01-Jan-21",
    "personally": 0.35,
    "country": 0.50
  },
  {
    "date": "14-Jan-21",
    "personally": 0.34,
    "country": 0.53
  },
  {
    "date": "01-Feb-21",
    "personally": 0.24,
    "country": 0.60
  },
  {
    "date": "14-Feb-21",
    "personally": 0.22,
    "country": 0.60
  },
  {
    "date": "01-Mar-21",
    "personally": 0.20,
    "country": 0.65
  },
  {
    "date": "14-Mar-21",
    "personally": 0.25,
    "country": 0.58
  },
  {
    "date": "31-Mar-21",
    "personally": 0.25,
    "country": 0.58
  }
]

  

    